date,region_id,low_region_name,calculated_out_of_area_charge,calculated_pay_amount,calculated_order_amount,trip_count,deployed_count,assigned_count,trip_per_bicycle,utilization_rate,revenue_per_asset
2026-03-05,1360,(본사직영)_용산_루미,0,2168,5460,3,2,66,0.045454545,0.030303030303030304,29.86225895316804
2026-03-06,1360,(본사직영)_용산_루미,11780,42630,54310,27,18,173,0.156069364,0.10404624277456648,285.9169732002102
2026-03-07,1360,(본사직영)_용산_루미,37480,47159,65130,31,23,176,0.176136364,0.13068181818181818,437.18491735537185
2026-03-08,1360,(본사직영)_용산_루미,22400,83316,110455,45,29,181,0.248618785,0.16022099447513813,530.969362129583
2026-03-09,1360,(본사직영)_용산_루미,33720,108511,148790,61,48,490,0.124489796,0.09795918367346938,263.8794063079777
2026-03-10,1360,(본사직영)_용산_루미,51373,166269,242738,90,61,495,0.181818182,0.12323232323232323,399.70982552800734
2026-03-11,1360,(본사직영)_용산_루미,55759,172323,228058,107,75,496,0.215725806,0.15120967741935484,418.0388563049853
2026-03-12,1360,(본사직영)_용산_루미,26600,225733,307604,126,84,489,0.257668712,0.17177914110429449,469.10764082543216
2026-03-13,1360,(본사직영)_용산_루미,22723,214114,285309,130,83,439,0.296127563,0.18906605922551253,490.4472975771381
2026-03-14,1360,(본사직영)_용산_루미,77478,291685,390688,160,119,435,0.367816092,0.2735632183908046,771.5005224660396
2026-03-15,1360,(본사직영)_용산_루미,91837,235332,309392,123,87,426,0.288732394,0.20422535211267606,698.1839521980366
2026-03-16,1360,(본사직영)_용산_루미,7800,145269,218990,97,72,432,0.224537037,0.16666666666666666,322.11489898989896
2026-03-17,1360,(본사직영)_용산_루미,58320,218449,299768,132,92,434,0.304147465,0.2119815668202765,579.7423544197737
2026-03-18,1360,(본사직영)_용산_루미,16400,113833,165030,78,61,434,0.179723502,0.14055299539170507,272.79639715123585
2026-03-19,1360,(본사직영)_용산_루미,18800,155014,230550,124,91,432,0.287037037,0.21064814814814814,365.77020202020196
2026-03-20,1360,(본사직영)_용산_루미,20800,175001,259198,123,92,432,0.284722222,0.21296296296296297,412.0391414141414
2026-03-21,1360,(본사직영)_용산_루미,69480,469246,629090,185,127,416,0.444711538,0.30528846153846156,1177.285839160839
2026-03-22,1360,(본사직영)_용산_루미,93820,460891,604269,179,117,420,0.426190476,0.2785714285714286,1200.67316017316
2026-03-23,1360,(본사직영)_용산_루미,66146,249597,363019,167,100,417,0.400479616,0.23980815347721823,688.3431436668847
2026-03-24,1360,(본사직영)_용산_루미,37049,271058,381175,177,118,421,0.420427553,0.28028503562945367,665.3141870006477
2026-03-25,1360,(본사직영)_용산_루미,99086,333529,437034,187,114,423,0.442080378,0.2695035460992908,929.7549967762734
2026-03-26,1360,(본사직영)_용산_루미,79222,337972,481551,202,139,413,0.489104116,0.3365617433414044,918.3226942548977
2026-03-27,1360,(본사직영)_용산_루미,104876,426910,568793,220,143,409,0.537897311,0.34963325183374083,1182.0093354078683
2026-03-28,1360,(본사직영)_용산_루미,105320,450485,608677,217,151,392,0.553571429,0.3852040816326531,1288.9726345083486
2026-03-29,1360,(본사직영)_용산_루미,132180,380827,565944,192,123,408,0.470588235,0.3014705882352941,1143.063725490196
2026-03-30,1360,(본사직영)_용산_루미,50578,231284,311292,135,94,426,0.316901408,0.22065727699530516,601.4980793854033
2026-03-31,1360,(본사직영)_용산_루미,50420,282416,377389,175,117,447,0.391498881,0.26174496644295303,676.9086841570063
2026-04-01,1360,(본사직영)_용산_루미,71935,247929,384814,177,122,441,0.401360544,0.2766439909297052,659.3774479488765
2026-04-02,1360,(본사직영)_용산_루미,57789,340821,512014,205,128,444,0.461711712,0.2882882882882883,816.154791154791
2026-04-03,1360,(본사직영)_용산_루미,163620,427342,607633,212,138,410,0.517073171,0.33658536585365856,1310.3370288248336
2026-04-04,1360,(본사직영)_용산_루미,171420,499144,694348,227,135,402,0.564676617,0.3358208955223881,1516.4269561284484
2026-04-05,1360,(본사직영)_용산_루미,113855,357402,515911,175,115,405,0.432098765,0.2839506172839506,1057.8159371492704
2026-04-06,1360,(본사직영)_용산_루미,59118,224590,308835,129,90,404,0.319306931,0.22277227722772278,638.4068406840684
2026-04-07,1360,(본사직영)_용산_루미,54758,227170,346216,168,105,445,0.37752809,0.23595505617977527,575.9509703779366
2026-04-08,1360,(본사직영)_용산_루미,17600,222200,313083,147,89,488,0.301229508,0.18237704918032788,446.7213114754098
2026-04-09,1360,(본사직영)_용산_루미,0,82708,136674,71,57,503,0.141153082,0.11332007952286283,149.48129405385865
2026-04-10,1360,(본사직영)_용산_루미,46500,194726,261056,112,79,518,0.216216216,0.1525096525096525,423.3520533520533
2026-04-11,1360,(본사직영)_용산_루미,79680,475469,626031,216,144,514,0.420233463,0.2801556420233463,981.8694729395116
2026-04-12,1360,(본사직영)_용산_루미,147495,609349,817357,263,173,499,0.527054108,0.3466933867735471,1378.8376753507011
2026-04-13,1360,(본사직영)_용산_루미,86005,405572,555440,212,136,504,0.420634921,0.2698412698412698,886.6829004329003
2026-04-14,1360,(본사직영)_용산_루미,32600,325708,475159,209,138,507,0.412228797,0.27218934911242604,642.4744486282947
2026-04-15,1360,(본사직영)_용산_루미,150433,566170,777731,282,158,500,0.564,0.316,1302.9145454545455
