date,region_id,low_region_name,calculated_out_of_area_charge,calculated_pay_amount,calculated_order_amount,trip_count,deployed_count,assigned_count,trip_per_bicycle
2026.3.5,1360,(본사직영)_용산_루미,0,2168,5460,3,2,66,0.045454545
2026.3.6,1360,(본사직영)_용산_루미,11780,42630,54310,27,18,173,0.156069364
2026.3.7,1360,(본사직영)_용산_루미,37480,47159,65130,31,23,176,0.176136364
2026.3.8,1360,(본사직영)_용산_루미,22400,83316,110455,45,29,181,0.248618785
2026.3.9,1360,(본사직영)_용산_루미,33720,108511,148790,61,48,490,0.124489796
2026.3.10,1360,(본사직영)_용산_루미,51373,166269,242738,90,61,495,0.181818182
2026.3.11,1360,(본사직영)_용산_루미,55759,172323,228058,107,75,496,0.215725806
2026.3.12,1360,(본사직영)_용산_루미,26600,225733,307604,126,84,489,0.257668712
2026.3.13,1360,(본사직영)_용산_루미,22723,214114,285309,130,83,439,0.296127563
2026.3.14,1360,(본사직영)_용산_루미,77478,291685,390688,160,119,435,0.367816092
2026.3.15,1360,(본사직영)_용산_루미,91837,235332,309392,123,87,426,0.288732394
2026.3.16,1360,(본사직영)_용산_루미,7800,145269,218990,97,72,432,0.224537037
2026.3.17,1360,(본사직영)_용산_루미,58320,218449,299768,132,92,434,0.304147465
2026.3.18,1360,(본사직영)_용산_루미,16400,113833,165030,78,61,434,0.179723502
2026.3.19,1360,(본사직영)_용산_루미,18800,155014,230550,124,91,432,0.287037037
2026.3.20,1360,(본사직영)_용산_루미,20800,175001,259198,123,92,432,0.284722222
2026.3.21,1360,(본사직영)_용산_루미,69480,469246,629090,185,127,416,0.444711538
2026.3.22,1360,(본사직영)_용산_루미,93820,460891,604269,179,117,420,0.426190476
2026.3.23,1360,(본사직영)_용산_루미,66146,249597,363019,167,100,417,0.400479616
2026.3.24,1360,(본사직영)_용산_루미,37049,271058,381175,177,118,421,0.420427553
2026.3.25,1360,(본사직영)_용산_루미,99086,333529,437034,187,114,423,0.442080378
2026.3.26,1360,(본사직영)_용산_루미,79222,337972,481551,202,139,413,0.489104116
2026.3.27,1360,(본사직영)_용산_루미,104876,426910,568793,220,143,409,0.537897311
2026.3.28,1360,(본사직영)_용산_루미,105320,450485,608677,217,151,392,0.553571429
2026.3.29,1360,(본사직영)_용산_루미,132180,380827,565944,192,123,408,0.470588235
2026.3.30,1360,(본사직영)_용산_루미,50578,231284,311292,135,94,426,0.316901408
2026.3.31,1360,(본사직영)_용산_루미,50420,282416,377389,175,117,447,0.391498881
2026.4.1,1360,(본사직영)_용산_루미,71935,247929,384814,177,122,441,0.401360544
2026.4.2,1360,(본사직영)_용산_루미,57789,340821,512014,205,128,444,0.461711712
2026.4.3,1360,(본사직영)_용산_루미,163620,427342,607633,212,138,410,0.517073171
2026.4.4,1360,(본사직영)_용산_루미,171420,499144,694348,227,135,402,0.564676617
2026.4.5,1360,(본사직영)_용산_루미,113855,357402,515911,175,115,405,0.432098765
2026.4.6,1360,(본사직영)_용산_루미,59118,224590,308835,129,90,404,0.319306931
2026.4.7,1360,(본사직영)_용산_루미,54758,227170,346216,168,105,445,0.37752809
2026.4.8,1360,(본사직영)_용산_루미,17600,222200,313083,147,89,488,0.301229508
2026.4.9,1360,(본사직영)_용산_루미,0,82708,136674,71,57,503,0.141153082
2026.4.10,1360,(본사직영)_용산_루미,46500,194726,261056,112,79,518,0.216216216
2026.4.11,1360,(본사직영)_용산_루미,79680,475469,626031,216,144,514,0.420233463
2026.4.12,1360,(본사직영)_용산_루미,147495,609349,817357,263,173,499,0.527054108
2026.4.13,1360,(본사직영)_용산_루미,86005,405572,555440,212,136,504,0.420634921
2026.4.14,1360,(본사직영)_용산_루미,32600,325708,475159,209,138,507,0.412228797
2026.4.15,1360,(본사직영)_용산_루미,150433,566170,777731,282,158,500,0.564